Name,Tray Number,X1,Y1,X2,Y2,Part Count X,Part Count Y,Spacing,Comment
A 1-7,88,205.5,60.5,349.50,60.5,7,1,24,Upper parts holders - use the entire row of 7 for one part
B 1-6,89,206,36,346.00,36,6,1,28,Lower parts holders - use the entire row of 6 for one part
A 1-2,90,205.5,60.5,229.50,60.5,2,1,,Upper parts holders - use only 2/7
A 3-4,91,253.50,60.5,277.50,60.5,2,1,,Upper parts holders - use only 2/7
A 5-7,92,301.50,60.5,349.50,60.5,3,1,,Upper parts holders - use only 3/7
B 1-2,93,206,36,234.00,36,2,1,,Lower parts holders - use only 2/6
B 3-4,94,262.00,36,290.00,36,2,1,,Lower parts holders - use only 2/6
B 5-6,95,318.00,36,346.00,36,2,1,,Lower parts holders - use only 2/6
-,96,,,,,,,,
-,97,,,,,,,,
-,98,,,,,,,,
-,99,,,,,,,,